{
	"class_name" : "PinholeCameraParameters",
	"extrinsic" : 
	[
		-0.68707063462236495,
		-0.34460010503025529,
		-0.63967547291791471,
		0.0,
		0.27590058077057505,
		0.69070632366293339,
		-0.66843372445029625,
		0.0,
		0.67217022588781794,
		-0.63574801774380096,
		-0.37948866302532364,
		0.0,
		-0.38686011736461801,
		0.073412402390309772,
		28.311411144724346,
		1.0
	],
	"intrinsic" : 
	{
		"height" : 1080,
		"intrinsic_matrix" : 
		[
			935.30743608719376,
			0.0,
			0.0,
			0.0,
			935.30743608719376,
			0.0,
			959.5,
			539.5,
			1.0
		],
		"width" : 1920
	},
	"version_major" : 1,
	"version_minor" : 0
}