{
	"class_name" : "PinholeCameraParameters",
	"extrinsic" : 
	[
		-0.26221334186325274,
		-0.95235979176494356,
		0.15574013733889658,
		0.0,
		-0.94757107711336486,
		0.22355706197306663,
		-0.22832278436500425,
		0.0,
		0.18262863183828193,
		-0.20744412999987213,
		-0.96104823799925554,
		0.0,
		2.1293157412598482,
		1.4374223706222118,
		92.405123953138173,
		1.0
	],
	"intrinsic" : 
	{
		"height" : 965,
		"intrinsic_matrix" : 
		[
			835.71451465198334,
			0.0,
			0.0,
			0.0,
			835.71451465198334,
			0.0,
			731.5,
			482.0,
			1.0
		],
		"width" : 1464
	},
	"version_major" : 1,
	"version_minor" : 0
}